molec_id,nu,sw,a,gamma_air,n_air,gamma_self,nu-err,sw-err,gamma_air-err,n_air-err,gamma_self-err,nu-ref,sw-ref,gamma_air-ref,n_air-ref,gamma_self-ref
22,11.833113,2.595e-39,6.351e-18,0.0663,0.81,0.066,3,4,4,4,4,797,449,448,448,448
22,11.937345,2.286e-34,6.813e-18,0.0663,0.81,0.066,3,4,4,4,4,797,449,448,448,448
22,19.721395,1.734e-38,1.05e-16,0.0621,0.79,0.062,3,4,4,4,4,797,449,448,448,448
22,19.895115,1.527e-33,1.126e-16,0.0621,0.79,0.062,3,4,4,4,4,797,449,448,448,448
22,27.608986,1.798e-37,6.274e-16,0.0588,0.78,0.059,3,4,4,4,4,797,449,448,448,448
22,27.852196,1.582e-32,6.727e-16,0.0588,0.78,0.059,3,4,4,4,4,797,449,448,448,448
22,35.495612,2.949e-37,2.336e-15,0.0562,0.77,0.056,3,4,4,4,4,797,449,448,448,448
22,35.808313,2.594e-32,2.506e-15,0.0562,0.77,0.056,3,4,4,4,4,797,449,448,448,448
22,43.380995,1.468e-36,6.615e-15,0.0542,0.76,0.054,3,4,4,4,4,797,449,448,448,448
22,43.763189,1.29e-31,7.094e-15,0.0542,0.76,0.054,3,4,4,4,4,797,449,448,448,448
22,51.26486,1.513e-36,1.565e-14,0.0525,0.76,0.052,3,4,4,4,4,797,449,448,448,448
22,51.71655,1.328e-31,1.679e-14,0.0525,0.76,0.052,3,4,4,4,4,797,449,448,448,448
22,59.146931,5.421e-36,3.262e-14,0.0512,0.75,0.051,3,4,4,4,4,797,449,448,448,448
22,59.66812,4.754e-31,3.499e-14,0.0512,0.75,0.051,3,4,4,4,4,797,449,448,448,448
22,67.026932,4.353e-36,6.186e-14,0.0499,0.74,0.05,3,4,4,4,4,797,449,448,448,448
22,67.617623,3.813e-31,6.637e-14,0.0499,0.74,0.05,3,4,4,4,4,797,449,448,448,448
22,74.904588,1.279e-35,1.091e-13,0.0488,0.73,0.049,3,4,4,4,4,797,449,448,448,448
22,75.564784,1.119e-30,1.17e-13,0.0488,0.73,0.049,3,4,4,4,4,797,449,448,448,448
22,82.779621,8.72e-36,1.815e-13,0.0476,0.71,0.048,3,4,4,4,4,797,449,448,448,448
22,83.509328,7.614e-31,1.948e-13,0.0476,0.71,0.048,3,4,4,4,4,797,449,448,448,448
22,90.651758,2.228e-35,2.881e-13,0.0463,0.68,0.046,3,4,4,4,4,797,449,448,448,448
22,91.450979,1.942e-30,3.091e-13,0.0463,0.68,0.046,3,4,4,4,4,797,449,448,448,448
22,98.520721,1.345e-35,4.398e-13,0.0448,0.65,0.045,3,4,4,4,4,797,449,448,448,448
22,99.389462,1.169e-30,4.715e-13,0.0448,0.65,0.045,3,4,4,4,4,797,449,448,448,448
22,106.386236,3.083e-35,6.491e-13,0.0433,0.62,0.043,3,4,4,4,4,797,449,448,448,448
22,107.324503,2.676e-30,6.963e-13,0.0433,0.62,0.043,3,4,4,4,4,797,449,448,448,448
22,114.248026,1.687e-35,9.314e-13,0.0415,0.57,0.042,3,4,4,4,4,797,449,448,448,448
22,115.255825,1.461e-30,9.994e-13,0.0415,0.57,0.042,3,4,4,4,4,797,449,448,448,448
22,122.105817,3.537e-35,1.304e-12,0.0396,0.52,0.04,3,4,4,4,4,797,449,448,448,448
22,123.183154,3.055e-30,1.399e-12,0.0396,0.52,0.04,3,4,4,4,4,797,449,448,448,448
22,129.959333,1.781e-35,1.787e-12,0.0375,0.47,0.037,3,4,4,4,4,797,449,448,448,448
22,131.106216,1.535e-30,1.918e-12,0.0375,0.47,0.037,3,4,4,4,4,797,449,448,448,448
22,137.808299,3.457e-35,2.404e-12,0.0354,0.41,0.035,3,4,4,4,4,797,449,448,448,448
22,139.024735,2.97e-30,2.579e-12,0.0354,0.41,0.035,3,4,4,4,4,797,449,448,448,448
22,145.65244,1.619e-35,3.179e-12,0.0332,0.34,0.033,3,4,4,4,4,797,449,448,448,448
22,146.938437,1.386e-30,3.409e-12,0.0332,0.34,0.033,3,4,4,4,4,797,449,448,448,448
22,153.49148,2.932e-35,4.141e-12,0.0311,0.27,0.031,3,4,4,4,4,797,449,448,448,448
22,154.847047,2.503e-30,4.442e-12,0.0311,0.27,0.031,3,4,4,4,4,797,449,448,448,448
22,161.325146,1.285e-35,5.319e-12,0.0291,0.2,0.029,3,4,4,4,4,797,449,448,448,448
22,162.750292,1.094e-30,5.71e-12,0.0291,0.2,0.029,3,4,4,4,4,797,449,448,448,448
22,169.153161,2.185e-35,6.754e-12,0.0274,0.2,0.027,3,4,4,4,4,797,449,448,448,448
22,170.647896,1.853e-30,7.247e-12,0.0274,0.2,0.027,3,4,4,4,4,797,449,448,448,448
22,176.975252,9.017e-36,8.481e-12,0.0273,0.2,0.027,3,4,4,4,4,797,449,448,448,448
22,178.539585,7.619e-31,9.1e-12,0.0273,0.2,0.027,3,4,4,4,4,797,449,448,448,448
22,184.791144,1.446e-35,1.054e-11,0.0273,0.2,0.027,3,4,4,4,4,797,449,448,448,448
22,186.425086,1.217e-30,1.131e-11,0.0273,0.2,0.027,3,4,4,4,4,797,449,448,448,448
22,192.600563,5.636e-36,1.298e-11,0.0273,0.2,0.027,3,4,4,4,4,797,449,448,448,448
22,194.304125,4.725e-31,1.393e-11,0.0273,0.2,0.027,3,4,4,4,4,797,449,448,448,448
22,200.403234,8.551e-36,1.585e-11,0.0273,0.2,0.027,3,4,4,4,4,797,449,448,448,448
22,202.176428,7.14e-31,1.701e-11,0.0273,0.2,0.027,3,4,4,4,4,797,449,448,448,448
22,208.198883,3.158e-36,1.919e-11,0.0273,0.2,0.027,3,4,4,4,4,797,449,448,448,448
22,210.041721,2.626e-31,2.06e-11,0.0273,0.2,0.027,3,4,4,4,4,797,449,448,448,448
22,215.987236,4.546e-36,2.308e-11,0.0273,0.2,0.027,3,4,4,4,4,797,449,448,448,448
22,217.899732,3.763e-31,2.477e-11,0.0273,0.2,0.027,3,4,4,4,4,797,449,448,448,448
22,223.768021,1.595e-36,2.757e-11,0.0273,0.2,0.027,3,4,4,4,4,797,449,448,448,448
22,225.750187,1.314e-31,2.959e-11,0.0273,0.2,0.027,3,4,4,4,4,797,449,448,448,448
22,231.540962,2.183e-36,3.272e-11,0.0273,0.2,0.027,3,4,4,4,4,797,449,448,448,448
22,233.592812,1.789e-31,3.511e-11,0.0273,0.2,0.027,3,4,4,4,4,797,449,448,448,448
22,239.305788,7.286e-37,3.86e-11,0.0273,0.2,0.027,3,4,4,4,4,797,449,448,448,448
22,241.427336,5.944e-32,4.143e-11,0.0273,0.2,0.027,3,4,4,4,4,797,449,448,448,448
22,247.062223,9.496e-37,4.529e-11,0.0273,0.2,0.027,3,4,4,4,4,797,449,448,448,448
22,249.253485,7.707e-32,4.861e-11,0.0273,0.2,0.027,3,4,4,4,4,797,449,448,448,448
22,254.809997,3.021e-37,5.286e-11,0.0273,0.2,0.027,3,4,4,4,4,797,449,448,448,448
22,257.070988,2.439e-32,5.674e-11,0.0273,0.2,0.027,3,4,4,4,4,797,449,448,448,448
22,262.548835,3.756e-37,6.141e-11,0.0273,0.2,0.027,3,4,4,4,4,797,449,448,448,448
22,264.879571,3.016e-32,6.593e-11,0.0273,0.2,0.027,3,4,4,4,4,797,449,448,448,448
22,270.278465,1.14e-37,7.098e-11,0.0273,0.2,0.027,3,4,4,4,4,797,449,448,448,448
22,272.678963,9.105e-33,7.623e-11,0.0273,0.2,0.027,3,4,4,4,4,797,449,448,448,448
22,277.998614,1.354e-37,8.177e-11,0.0273,0.2,0.027,3,4,4,4,4,797,449,448,448,448
22,280.468893,1.074e-32,8.772e-11,0.0273,0.2,0.027,3,4,4,4,4,797,449,448,448,448
22,285.709011,3.926e-38,9.371e-11,0.0273,0.2,0.027,3,4,4,4,4,797,449,448,448,448
22,288.249088,3.098e-33,1.006e-10,0.0273,0.2,0.027,3,4,4,4,4,797,449,448,448,448
22,293.409383,4.455e-38,1.07e-10,0.0273,0.2,0.027,3,4,4,4,4,797,449,448,448,448
22,296.019276,3.494e-33,1.149e-10,0.0273,0.2,0.027,3,4,4,4,4,797,449,448,448,448
22,301.099459,1.236e-38,1.218e-10,0.0273,0.2,0.027,3,4,4,4,4,797,449,448,448,448
22,303.779188,9.632e-34,1.308e-10,0.0273,0.2,0.027,3,4,4,4,4,797,449,448,448,448
22,308.778967,1.341e-38,1.381e-10,0.0273,0.2,0.027,3,4,4,4,4,797,449,448,448,448
22,311.528552,1.039e-33,1.484e-10,0.0273,0.2,0.027,3,4,4,4,4,797,449,448,448,448
22,316.447635,3.562e-39,1.561e-10,0.0273,0.2,0.027,3,4,4,4,4,797,449,448,448,448
22,319.267097,2.74e-34,1.677e-10,0.0273,0.2,0.027,3,4,4,4,4,797,449,448,448,448
22,324.105193,3.702e-39,1.759e-10,0.0273,0.2,0.027,3,4,4,4,4,797,449,448,448,448
22,326.994553,2.828e-34,1.889e-10,0.0273,0.2,0.027,3,4,4,4,4,797,449,448,448,448
22,334.71065,7.142e-35,2.122e-10,0.0273,0.2,0.027,3,4,4,4,4,797,449,448,448,448
22,342.415117,7.061e-35,2.376e-10,0.0273,0.2,0.027,3,4,4,4,4,797,449,448,448,448
22,350.107686,1.708e-35,2.654e-10,0.0273,0.2,0.027,3,4,4,4,4,797,449,448,448,448
22,357.788086,1.619e-35,2.958e-10,0.0273,0.2,0.027,3,4,4,4,4,797,449,448,448,448
22,365.456049,3.755e-36,3.287e-10,0.0273,0.2,0.027,3,4,4,4,4,797,449,448,448,448
22,373.111305,3.412e-36,3.644e-10,0.0273,0.2,0.027,3,4,4,4,4,797,449,448,448,448
22,380.753586,7.59e-37,4.03e-10,0.0273,0.2,0.027,3,4,4,4,4,797,449,448,448,448
22,388.382623,6.616e-37,4.447e-10,0.0273,0.2,0.027,3,4,4,4,4,797,449,448,448,448
22,395.998149,1.413e-37,4.899e-10,0.0273,0.2,0.027,3,4,4,4,4,797,449,448,448,448
22,403.599896,1.182e-37,5.382e-10,0.0273,0.2,0.027,3,4,4,4,4,797,449,448,448,448
22,411.187596,2.422e-38,5.901e-10,0.0273,0.2,0.027,3,4,4,4,4,797,449,448,448,448
22,418.760981,1.946e-38,6.46e-10,0.0273,0.2,0.027,3,4,4,4,4,797,449,448,448,448
22,426.319785,3.831e-39,7.059e-10,0.0273,0.2,0.027,3,4,4,4,4,797,449,448,448,448
22,433.863742,2.957e-39,7.7e-10,0.0273,0.2,0.027,3,4,4,4,4,797,449,448,448,448
22,1881.949441,3.674e-39,2.311e-09,0.0273,0.2,0.027,3,4,4,4,4,797,449,448,448,448
22,1891.293418,4.959e-39,2.389e-09,0.0273,0.2,0.027,3,4,4,4,4,797,449,448,448,448
22,1900.616119,2.628e-38,2.469e-09,0.0273,0.2,0.027,3,4,4,4,4,797,449,448,448,448
22,1909.917291,3.415e-38,2.551e-09,0.0273,0.2,0.027,3,4,4,4,4,797,449,448,448,448
22,1919.196678,1.742e-37,2.635e-09,0.0273,0.2,0.027,3,4,4,4,4,797,449,448,448,448
22,1928.454026,2.179e-37,2.721e-09,0.0273,0.2,0.027,3,4,4,4,4,797,449,448,448,448
22,1937.689078,1.07e-36,2.811e-09,0.0273,0.2,0.027,3,4,4,4,4,797,449,448,448,448
22,1946.901579,1.288e-36,2.902e-09,0.0273,0.2,0.027,3,4,4,4,4,797,449,448,448,448
22,1956.091271,6.082e-36,2.995e-09,0.0273,0.2,0.027,3,4,4,4,4,797,449,448,448,448
22,1965.257896,7.045e-36,3.092e-09,0.0273,0.2,0.027,3,4,4,4,4,797,449,448,448,448
22,1966.628494,4.218e-39,6.46e-09,0.0273,0.2,0.027,3,4,4,4,4,797,449,448,448,448
22,1974.401195,3.202e-35,3.192e-09,0.0273,0.2,0.027,3,4,4,4,4,797,449,448,448,448
22,1975.634647,4.49e-39,6.665e-09,0.0273,0.2,0.027,3,4,4,4,4,797,449,448,448,448
22,1983.52091,3.567e-35,3.293e-09,0.0273,0.2,0.027,3,4,4,4,4,797,449,448,448,448
22,1984.616333,1.875e-38,6.876e-09,0.0273,0.2,0.027,3,4,4,4,4,797,449,448,448,448
22,1992.616781,1.559e-34,3.397e-09,0.0273,0.2,0.027,3,4,4,4,4,797,449,448,448,448
22,1993.573291,1.919e-38,7.091e-09,0.0273,0.2,0.027,3,4,4,4,4,797,449,448,448,448
22,2001.688548,1.671e-34,3.506e-09,0.0273,0.2,0.027,3,4,4,4,4,797,449,448,448,448
22,2002.505259,7.706e-38,7.313e-09,0.0273,0.2,0.027,3,4,4,4,4,797,449,448,448,448
22,2010.73595,7.024e-34,3.616e-09,0.0273,0.2,0.027,3,4,4,4,4,797,449,448,448,448
22,2011.411974,7.586e-38,7.541e-09,0.0273,0.2,0.027,3,4,4,4,4,797,449,448,448,448
22,2019.758725,7.237e-34,3.73e-09,0.0273,0.2,0.027,3,4,4,4,4,797,449,448,448,448
22,2020.293175,2.929e-37,7.775e-09,0.0273,0.2,0.027,3,4,4,4,4,797,449,448,448,448
22,2028.756612,2.924e-33,3.846e-09,0.0273,0.2,0.027,3,4,4,4,4,797,449,448,448,448
22,2029.148597,2.771e-37,8.014e-09,0.0273,0.2,0.027,3,4,4,4,4,797,449,448,448,448
22,2037.729348,2.897e-33,3.967e-09,0.0273,0.2,0.027,3,4,4,4,4,797,449,448,448,448
22,2037.977976,1.028e-36,8.259e-09,0.0273,0.2,0.027,3,4,4,4,4,797,449,448,448,448
22,2046.67667,1.125e-32,4.09e-09,0.0273,0.2,0.027,3,4,4,4,4,797,449,448,448,448
22,2046.781048,9.352e-37,8.516e-09,0.0273,0.2,0.027,3,4,4,4,4,797,449,448,448,448
22,2055.557548,3.335e-36,8.778e-09,0.0273,0.2,0.027,3,4,4,4,4,797,449,448,448,448
22,2055.598315,1.071e-32,4.217e-09,0.0273,0.2,0.027,3,4,4,4,4,797,449,448,448,448
22,2064.30721,2.913e-36,9.044e-09,0.0273,0.2,0.027,3,4,4,4,4,797,449,448,448,448
22,2064.494018,3.996e-32,4.346e-09,0.0273,0.2,0.027,3,4,4,4,4,797,449,448,448,448
22,2073.029769,9.976e-36,9.32e-09,0.0273,0.2,0.027,3,4,4,4,4,797,449,448,448,448
22,2073.363515,3.654e-32,4.48e-09,0.0273,0.2,0.027,3,4,4,4,4,797,449,448,448,448
22,2080.55754,1.49e-39,1.495e-08,0.0273,0.2,0.027,3,4,4,4,4,797,449,448,448,448
22,2081.724958,8.369e-36,9.603e-09,0.0273,0.2,0.027,3,4,4,4,4,797,449,448,448,448
22,2082.206541,1.31e-31,4.618e-09,0.0273,0.2,0.027,3,4,4,4,4,797,449,448,448,448
22,2089.073101,1.146e-39,1.54e-08,0.0273,0.2,0.027,3,4,4,4,4,797,449,448,448,448
22,2090.39251,2.752e-35,9.897e-09,0.0273,0.2,0.027,3,4,4,4,4,797,449,448,448,448
22,2091.02283,1.15e-31,4.758e-09,0.0273,0.2,0.027,3,4,4,4,4,797,449,448,448,448
22,2097.559855,3.454e-39,1.587e-08,0.0273,0.2,0.027,3,4,4,4,4,797,449,448,448,448
22,2099.032157,2.216e-35,1.02e-08,0.0273,0.2,0.027,3,4,4,4,4,797,449,448,448,448
22,2099.812117,3.958e-31,4.903e-09,0.0273,0.2,0.027,3,4,4,4,4,797,449,448,448,448
22,2106.01753,2.548e-39,1.636e-08,0.0273,0.2,0.027,3,4,4,4,4,797,449,448,448,448
22,2107.643632,6.99e-35,1.05e-08,0.0273,0.2,0.027,3,4,4,4,4,797,449,448,448,448
22,2108.574134,3.337e-31,5.053e-09,0.0273,0.2,0.027,3,4,4,4,4,797,449,448,448,448
22,2114.445859,7.357e-39,1.685e-08,0.0274,0.2,0.027,3,4,4,4,4,797,449,448,448,448
22,2116.226667,5.399e-35,1.082e-08,0.0273,0.2,0.027,3,4,4,4,4,797,449,448,448,448
22,2117.308615,1.102e-30,5.206e-09,0.0273,0.2,0.027,3,4,4,4,4,797,449,448,448,448
22,2122.844571,5.198e-39,1.737e-08,0.0291,0.2,0.029,3,4,4,4,4,797,449,448,448,448
22,2124.780993,1.633e-34,1.115e-08,0.0273,0.2,0.027,3,4,4,4,4,797,449,448,448,448
22,2126.015293,8.914e-31,5.364e-09,0.0273,0.2,0.027,3,4,4,4,4,797,449,448,448,448
22,2131.213395,1.437e-38,1.79e-08,0.0311,0.27,0.031,3,4,4,4,4,797,449,448,448,448
22,2133.306341,1.209e-34,1.149e-08,0.0273,0.2,0.027,3,4,4,4,4,797,449,448,448,448
22,2134.693899,2.824e-30,5.526e-09,0.0273,0.2,0.027,3,4,4,4,4,797,449,448,448,448
22,2139.552061,9.717e-39,1.846e-08,0.0332,0.34,0.033,3,4,4,4,4,797,449,448,448,448
22,2141.802441,3.505e-34,1.184e-08,0.0274,0.2,0.027,3,4,4,4,4,797,449,448,448,448
22,2143.344166,2.19e-30,5.693e-09,0.0273,0.2,0.027,3,4,4,4,4,797,449,448,448,448
22,2147.860298,2.569e-38,1.904e-08,0.0354,0.41,0.035,3,4,4,4,4,797,449,448,448,448
22,2150.269023,2.485e-34,1.22e-08,0.0291,0.2,0.029,3,4,4,4,4,797,449,448,448,448
22,2151.965824,6.652e-30,5.867e-09,0.0273,0.2,0.027,3,4,4,4,4,797,449,448,448,448
22,2156.137833,1.659e-38,1.965e-08,0.0375,0.47,0.037,3,4,4,4,4,797,449,448,448,448
22,2158.705818,6.894e-34,1.258e-08,0.0311,0.27,0.031,3,4,4,4,4,797,449,448,448,448
22,2160.558605,4.944e-30,6.046e-09,0.0273,0.2,0.027,3,4,4,4,4,797,449,448,448,448
22,2164.384394,4.183e-38,2.028e-08,0.0396,0.52,0.04,3,4,4,4,4,797,449,448,448,448
22,2167.112553,4.675e-34,1.297e-08,0.0332,0.34,0.033,3,4,4,4,4,797,449,448,448,448
22,2169.12224,1.438e-29,6.23e-09,0.0274,0.2,0.027,3,4,4,4,4,797,449,448,448,448
22,2172.59971,2.574e-38,2.096e-08,0.0415,0.57,0.042,3,4,4,4,4,797,449,448,448,448
22,2175.488959,1.239e-33,1.337e-08,0.0354,0.41,0.035,3,4,4,4,4,797,449,448,448,448
22,2177.656457,1.023e-29,6.42e-09,0.0291,0.2,0.029,3,4,4,4,4,797,449,448,448,448
22,2180.783508,6.174e-38,2.167e-08,0.0433,0.62,0.043,3,4,4,4,4,797,449,448,448,448
22,2183.834763,8.026e-34,1.38e-08,0.0375,0.47,0.037,3,4,4,4,4,797,449,448,448,448
22,2186.160988,2.848e-29,6.62e-09,0.0311,0.27,0.031,3,4,4,4,4,797,449,448,448,448
22,2188.935514,3.605e-38,2.244e-08,0.0448,0.65,0.045,3,4,4,4,4,797,449,448,448,448
22,2192.149695,2.029e-33,1.425e-08,0.0396,0.52,0.04,3,4,4,4,4,797,449,448,448,448
22,2194.635561,1.937e-29,6.824e-09,0.0332,0.34,0.033,3,4,4,4,4,797,449,448,448,448
22,2197.055455,8.184e-38,2.327e-08,0.0463,0.68,0.046,3,4,4,4,4,797,449,448,448,448
22,2200.433481,1.252e-33,1.473e-08,0.0415,0.57,0.042,3,4,4,4,4,797,449,448,448,448
22,2203.079906,5.151e-29,7.039e-09,0.0354,0.41,0.035,3,4,4,4,4,797,449,448,448,448
22,2205.143057,4.506e-38,2.419e-08,0.0476,0.71,0.048,3,4,4,4,4,797,449,448,448,448
22,2208.685849,3.009e-33,1.522e-08,0.0433,0.62,0.043,3,4,4,4,4,797,449,448,448,448
22,2211.493751,3.345e-29,7.265e-09,0.0375,0.47,0.037,3,4,4,4,4,797,449,448,448,448
22,2213.198046,9.6e-38,2.525e-08,0.0488,0.73,0.049,3,4,4,4,4,797,449,448,448,448
22,2216.906527,1.761e-33,1.577e-08,0.0448,0.65,0.045,3,4,4,4,4,797,449,448,448,448
22,2219.876825,8.48e-29,7.5e-09,0.0396,0.52,0.04,3,4,4,4,4,797,449,448,448,448
22,2221.220147,4.925e-38,2.649e-08,0.0499,0.74,0.05,3,4,4,4,4,797,449,448,448,448
22,2225.095241,4.005e-33,1.635e-08,0.0463,0.68,0.046,3,4,4,4,4,797,449,448,448,448
22,2228.228855,5.242e-29,7.748e-09,0.0415,0.57,0.042,3,4,4,4,4,797,449,448,448,448
22,2229.209086,9.671e-38,2.803e-08,0.0512,0.75,0.051,3,4,4,4,4,797,449,448,448,448
22,2233.251717,2.209e-33,1.7e-08,0.0476,0.71,0.048,3,4,4,4,4,797,449,448,448,448
22,2236.54957,1.263e-28,8.012e-09,0.0433,0.62,0.043,3,4,4,4,4,797,449,448,448,448
22,2237.164588,4.496e-38,3.011e-08,0.0525,0.76,0.052,3,4,4,4,4,797,449,448,448,448
22,2241.375683,4.714e-33,1.774e-08,0.0488,0.73,0.049,3,4,4,4,4,797,449,448,448,448
22,2244.838696,7.407e-29,8.298e-09,0.0448,0.65,0.045,3,4,4,4,4,797,449,448,448,448
22,2245.086377,7.767e-38,3.335e-08,0.0542,0.76,0.054,3,4,4,4,4,797,449,448,448,448
22,2249.466863,2.422e-33,1.862e-08,0.0499,0.74,0.05,3,4,4,4,4,797,449,448,448,448
22,2252.974178,2.986e-38,3.989e-08,0.0562,0.77,0.056,3,4,4,4,4,797,449,448,448,448
22,2253.095961,1.688e-28,8.606e-09,0.0463,0.68,0.046,3,4,4,4,4,797,449,448,448,448
22,2257.524983,4.762e-33,1.97e-08,0.0512,0.75,0.051,3,4,4,4,4,797,449,448,448,448
22,2260.827714,3.575e-38,6.814e-08,0.0588,0.78,0.059,3,4,4,4,4,797,449,448,448,448
22,2261.321091,9.329e-29,8.951e-09,0.0476,0.71,0.048,3,4,4,4,4,797,449,448,448,448
22,2262.065563,1.596e-39,1.739e-08,0.02,0.2,0.02,3,4,4,4,4,797,449,448,448,448
22,2262.905123,1.207e-39,1.742e-08,0.0214,0.2,0.021,3,4,4,4,4,797,449,448,448,448
22,2263.709651,3.576e-39,1.744e-08,0.023,0.2,0.023,3,4,4,4,4,797,449,448,448,448
22,2264.479154,2.594e-39,1.746e-08,0.025,0.2,0.025,3,4,4,4,4,797,449,448,448,448
22,2265.213638,7.372e-39,1.749e-08,0.0273,0.2,0.027,3,4,4,4,4,797,449,448,448,448
22,2265.549769,2.216e-33,2.117e-08,0.0525,0.76,0.052,3,4,4,4,4,797,449,448,448,448
22,2265.913109,5.126e-39,1.751e-08,0.0299,0.2,0.03,3,4,4,4,4,797,449,448,448,448
22,2266.577573,1.396e-38,1.754e-08,0.0327,0.27,0.033,3,4,4,4,4,797,449,448,448,448
22,2267.207035,9.294e-39,1.756e-08,0.0332,0.34,0.033,3,4,4,4,4,797,449,448,448,448
22,2267.801499,2.422e-38,1.759e-08,0.0339,0.41,0.034,3,4,4,4,4,797,449,448,448,448
22,2268.360971,1.542e-38,1.761e-08,0.033,0.47,0.033,3,4,4,4,4,797,449,448,448,448
22,2268.885455,3.839e-38,1.763e-08,0.0357,0.52,0.036,3,4,4,4,4,797,449,448,448,448
22,2269.374956,2.333e-38,1.765e-08,0.0356,0.57,0.036,3,4,4,4,4,797,449,448,448,448
22,2269.513814,1.994e-28,9.342e-09,0.0488,0.73,0.049,3,4,4,4,4,797,449,448,448,448
22,2269.750311,1.322e-39,1.181e-08,0.02,0.2,0.02,3,4,4,4,4,797,449,448,448,448
22,2269.829476,5.536e-38,1.768e-08,0.0374,0.62,0.037,3,4,4,4,4,797,449,448,448,448
22,2270.249019,3.202e-38,1.771e-08,0.0432,0.65,0.043,3,4,4,4,4,797,449,448,448,448
22,2270.633589,7.216e-38,1.774e-08,0.0466,0.68,0.047,3,4,4,4,4,797,449,448,448,448
22,2270.983189,3.954e-38,1.778e-08,0.0472,0.71,0.047,3,4,4,4,4,797,449,448,448,448
22,2271.217207,1.433e-39,1.183e-08,0.02,0.2,0.02,3,4,4,4,4,797,449,448,448,448
22,2271.297821,8.415e-38,1.782e-08,0.0469,0.73,0.047,3,4,4,4,4,797,449,448,448,448
22,2271.577488,4.336e-38,1.789e-08,0.0476,0.74,0.048,3,4,4,4,4,797,449,448,448,448
22,2271.822191,8.625e-38,1.797e-08,0.0469,0.75,0.047,3,4,4,4,4,797,449,448,448,448
22,2272.031934,4.12e-38,1.811e-08,0.0477,0.76,0.048,3,4,4,4,4,797,449,448,448,448
22,2272.206717,7.512e-38,1.835e-08,0.049,0.76,0.049,3,4,4,4,4,797,449,448,448,448
22,2272.346542,3.236e-38,1.885e-08,0.0509,0.77,0.051,3,4,4,4,4,797,449,448,448,448
22,2272.45141,5.245e-38,2.02e-08,0.0535,0.78,0.053,3,4,4,4,4,797,449,448,448,448
22,2272.521321,2.288e-38,2.828e-08,0.0567,0.79,0.057,3,4,4,4,4,797,449,448,448,448
22,2272.649023,6.101e-39,1.186e-08,0.02,0.2,0.02,3,4,4,4,4,797,449,448,448,448
22,2273.540946,3.832e-33,2.344e-08,0.0542,0.76,0.054,3,4,4,4,4,797,449,448,448,448
22,2274.04577,6.367e-39,1.189e-08,0.02,0.2,0.02,3,4,4,4,4,797,449,448,448,448
22,2275.407461,2.607e-38,1.191e-08,0.02,0.2,0.02,3,4,4,4,4,797,449,448,448,448
22,2276.734106,2.618e-38,1.194e-08,0.02,0.2,0.02,3,4,4,4,4,797,449,448,448,448
22,2277.673854,1.026e-28,9.804e-09,0.0499,0.74,0.05,3,4,4,4,4,797,449,448,448,448
22,2278.025716,1.031e-37,1.197e-08,0.02,0.2,0.02,3,4,4,4,4,797,449,448,448,448
22,2279.282302,9.957e-38,1.199e-08,0.02,0.2,0.02,3,4,4,4,4,797,449,448,448,448
22,2280.112167,1.263e-39,6.037e-09,0.02,0.2,0.02,3,4,4,4,4,797,449,448,448,448
22,2280.503873,3.772e-37,1.202e-08,0.02,0.2,0.02,3,4,4,4,4,797,449,448,448,448
22,2281.498238,1.474e-33,2.803e-08,0.0562,0.77,0.056,3,4,4,4,4,797,449,448,448,448
22,2281.690439,3.502e-37,1.204e-08,0.02,0.2,0.02,3,4,4,4,4,797,449,448,448,448
22,2281.959652,6.806e-39,6.055e-09,0.02,0.2,0.02,3,4,4,4,4,797,449,448,448,448
22,2282.842009,1.275e-36,1.206e-08,0.02,0.2,0.02,3,4,4,4,4,797,449,448,448,448
22,2283.772036,8.998e-39,6.074e-09,0.02,0.2,0.02,3,4,4,4,4,797,449,448,448,448
22,2283.958593,1.138e-36,1.208e-08,0.02,0.2,0.02,3,4,4,4,4,797,449,448,448,448
22,2284.179972,3.99e-38,1.466e-08,0.0663,0.81,0.066,3,4,4,4,4,797,449,448,448,448
22,2285.040199,3.985e-36,1.211e-08,0.02,0.2,0.02,3,4,4,4,4,797,449,448,448,448
22,2285.549336,4.669e-38,6.091e-09,0.02,0.2,0.02,3,4,4,4,4,797,449,448,448,448
22,2285.800938,2.019e-28,1.037e-08,0.0512,0.75,0.051,3,4,4,4,4,797,449,448,448,448
22,2286.086835,3.418e-36,1.213e-08,0.02,0.2,0.02,3,4,4,4,4,797,449,448,448,448
22,2287.09851,1.149e-35,1.215e-08,0.02,0.2,0.02,3,4,4,4,4,797,449,448,448,448
22,2287.291567,5.944e-38,6.109e-09,0.02,0.2,0.02,3,4,4,4,4,797,449,448,448,448
22,2288.075231,9.47e-36,1.217e-08,0.02,0.2,0.02,3,4,4,4,4,797,449,448,448,448
22,2288.998742,2.97e-37,6.127e-09,0.02,0.2,0.02,3,4,4,4,4,797,449,448,448,448
22,2289.017005,3.058e-35,1.219e-08,0.02,0.2,0.02,3,4,4,4,4,797,449,448,448,448
22,2289.42137,1.766e-33,4.79e-08,0.0588,0.78,0.059,3,4,4,4,4,797,449,448,448,448
22,2289.92384,2.42e-35,1.221e-08,0.02,0.2,0.02,3,4,4,4,4,797,449,448,448,448
22,2290.670876,3.64e-37,6.144e-09,0.02,0.2,0.02,3,4,4,4,4,797,449,448,448,448
22,2290.795743,7.502e-35,1.223e-08,0.02,0.2,0.02,3,4,4,4,4,797,449,448,448,448
22,2291.63272,5.695e-35,1.225e-08,0.0214,0.2,0.021,3,4,4,4,4,797,449,448,448,448
22,2291.893685,3.586e-38,1.932e-08,0.0621,0.79,0.062,3,4,4,4,4,797,449,448,448,448
22,2292.307983,1.751e-36,6.161e-09,0.02,0.2,0.02,3,4,4,4,4,797,449,448,448,448
22,2292.434777,1.694e-34,1.227e-08,0.023,0.2,0.023,3,4,4,4,4,797,449,448,448,448
22,2293.20192,1.233e-34,1.228e-08,0.025,0.2,0.025,3,4,4,4,4,797,449,448,448,448
22,2293.894793,9.408e-29,1.114e-08,0.0525,0.76,0.052,3,4,4,4,4,797,449,448,448,448
22,2293.910075,2.065e-36,6.176e-09,0.02,0.2,0.02,3,4,4,4,4,797,449,448,448,448
22,2293.934155,3.517e-34,1.23e-08,0.0273,0.2,0.027,3,4,4,4,4,797,449,448,448,448
22,2294.631487,2.454e-34,1.232e-08,0.0299,0.2,0.03,3,4,4,4,4,797,449,448,448,448
22,2295.293921,6.703e-34,1.233e-08,0.0327,0.27,0.033,3,4,4,4,4,797,449,448,448,448
22,2295.477165,9.559e-36,6.192e-09,0.02,0.2,0.02,3,4,4,4,4,797,449,448,448,448
22,2295.921463,4.477e-34,1.235e-08,0.0332,0.34,0.033,3,4,4,4,4,797,449,448,448,448
22,2296.514117,1.17e-33,1.237e-08,0.0339,0.41,0.034,3,4,4,4,4,797,449,448,448,448
22,2297.009265,1.085e-35,6.206e-09,0.02,0.2,0.02,3,4,4,4,4,797,449,448,448,448
22,2297.071886,7.47e-34,1.238e-08,0.033,0.47,0.033,3,4,4,4,4,797,449,448,448,448
22,2297.594776,1.864e-33,1.239e-08,0.0357,0.52,0.036,3,4,4,4,4,797,449,448,448,448
22,2298.082789,1.136e-33,1.242e-08,0.0356,0.57,0.036,3,4,4,4,4,797,449,448,448,448
22,2298.506388,4.834e-35,6.223e-09,0.02,0.2,0.02,3,4,4,4,4,797,449,448,448,448
22,2298.53593,2.701e-33,1.243e-08,0.0374,0.62,0.037,3,4,4,4,4,797,449,448,448,448
22,2298.954202,1.565e-33,1.245e-08,0.0432,0.65,0.043,3,4,4,4,4,797,449,448,448,448
22,2299.337607,3.534e-33,1.247e-08,0.0466,0.68,0.047,3,4,4,4,4,797,449,448,448,448
22,2299.571749,1.004e-37,2.2e-08,0.0588,0.78,0.059,3,4,4,4,4,797,449,448,448,448
22,2299.686148,1.94e-33,1.25e-08,0.0472,0.71,0.047,3,4,4,4,4,797,449,448,448,448
22,2299.968546,5.28e-35,6.238e-09,0.02,0.2,0.02,3,4,4,4,4,797,449,448,448,448
22,2299.999829,4.134e-33,1.253e-08,0.0469,0.73,0.047,3,4,4,4,4,797,449,448,448,448
22,2300.27865,2.133e-33,1.257e-08,0.0476,0.74,0.048,3,4,4,4,4,797,449,448,448,448
22,2300.522614,4.248e-33,1.264e-08,0.0469,0.75,0.047,3,4,4,4,4,797,449,448,448,448
22,2300.731723,2.032e-33,1.274e-08,0.0477,0.76,0.048,3,4,4,4,4,797,449,448,448,448
22,2300.905978,3.707e-33,1.29e-08,0.049,0.76,0.049,3,4,4,4,4,797,449,448,448,448
22,2301.045381,1.598e-33,1.325e-08,0.0509,0.77,0.051,3,4,4,4,4,797,449,448,448,448
22,2301.149932,2.591e-33,1.42e-08,0.0535,0.78,0.053,3,4,4,4,4,797,449,448,448,448
22,2301.219633,1.131e-33,1.988e-08,0.0567,0.79,0.057,3,4,4,4,4,797,449,448,448,448
22,2301.395748,2.263e-34,6.253e-09,0.02,0.2,0.02,3,4,4,4,4,797,449,448,448,448
22,2301.955142,1.628e-28,1.234e-08,0.0542,0.76,0.054,3,4,4,4,4,797,449,448,448,448
22,2302.788007,2.377e-34,6.265e-09,0.02,0.2,0.02,3,4,4,4,4,797,449,448,448,448
22,2304.145333,9.799e-34,6.281e-09,0.02,0.2,0.02,3,4,4,4,4,797,449,448,448,448
22,2305.467736,9.901e-34,6.294e-09,0.02,0.2,0.02,3,4,4,4,4,797,449,448,448,448
22,2306.755226,3.924e-33,6.307e-09,0.02,0.2,0.02,3,4,4,4,4,797,449,448,448,448
22,2307.213888,6.251e-38,2.388e-08,0.0562,0.77,0.056,3,4,4,4,4,797,449,448,448,448
22,2308.007813,3.813e-33,6.321e-09,0.02,0.2,0.02,3,4,4,4,4,797,449,448,448,448
22,2309.225505,1.453e-32,6.334e-09,0.02,0.2,0.02,3,4,4,4,4,797,449,448,448,448
22,2309.981711,6.269e-29,1.476e-08,0.0562,0.77,0.056,3,4,4,4,4,797,449,448,448,448
22,2310.408312,1.357e-32,6.347e-09,0.02,0.2,0.02,3,4,4,4,4,797,449,448,448,448
22,2311.556242,4.969e-32,6.358e-09,0.02,0.2,0.02,3,4,4,4,4,797,449,448,448,448
22,2312.669303,4.459e-32,6.37e-09,0.02,0.2,0.02,3,4,4,4,4,797,449,448,448,448
22,2312.983045,1.973e-33,1.031e-08,0.0663,0.81,0.066,3,4,4,4,4,797,449,448,448,448
22,2313.747503,1.569e-31,6.381e-09,0.02,0.2,0.02,3,4,4,4,4,797,449,448,448,448
22,2314.790851,1.352e-31,6.39e-09,0.02,0.2,0.02,3,4,4,4,4,797,449,448,448,448
22,2314.819822,1.447e-37,2.54e-08,0.0542,0.76,0.054,3,4,4,4,4,797,449,448,448,448
22,2315.799353,4.57e-31,6.402e-09,0.02,0.2,0.02,3,4,4,4,4,797,449,448,448,448
22,2316.773017,3.783e-31,6.412e-09,0.02,0.2,0.02,3,4,4,4,4,797,449,448,448,448
22,2317.711849,1.227e-30,6.421e-09,0.02,0.2,0.02,3,4,4,4,4,797,449,448,448,448
22,2317.974225,7.515e-29,2.522e-08,0.0588,0.78,0.059,3,4,4,4,4,797,449,448,448,448
22,2318.615855,9.754e-31,6.434e-09,0.02,0.2,0.02,3,4,4,4,4,797,449,448,448,448
22,2319.485043,3.037e-30,6.444e-09,0.02,0.2,0.02,3,4,4,4,4,797,449,448,448,448
22,2320.319418,2.315e-30,6.453e-09,0.0214,0.2,0.021,3,4,4,4,4,797,449,448,448,448
22,2320.766776,1.772e-33,1.358e-08,0.0621,0.79,0.062,3,4,4,4,4,797,449,448,448,448
22,2321.118985,6.912e-30,6.462e-09,0.023,0.2,0.023,3,4,4,4,4,797,449,448,448,448
22,2321.883751,5.051e-30,6.47e-09,0.025,0.2,0.025,3,4,4,4,4,797,449,448,448,448
22,2322.389274,7.926e-38,2.67e-08,0.0525,0.76,0.052,3,4,4,4,4,797,449,448,448,448
22,2322.61372,1.445e-29,6.477e-09,0.0273,0.2,0.027,3,4,4,4,4,797,449,448,448,448
22,2323.308897,1.012e-29,6.488e-09,0.0299,0.2,0.03,3,4,4,4,4,797,449,448,448,448
22,2323.969287,2.773e-29,6.496e-09,0.0327,0.27,0.033,3,4,4,4,4,797,449,448,448,448
22,2324.594894,1.858e-29,6.505e-09,0.0332,0.34,0.033,3,4,4,4,4,797,449,448,448,448
22,2325.185723,4.868e-29,6.512e-09,0.0339,0.41,0.034,3,4,4,4,4,797,449,448,448,448
22,2325.741777,3.117e-29,6.521e-09,0.033,0.47,0.033,3,4,4,4,4,797,449,448,448,448
22,2326.26306,7.798e-29,6.529e-09,0.0357,0.52,0.036,3,4,4,4,4,797,449,448,448,448
22,2326.749576,4.762e-29,6.538e-09,0.0356,0.57,0.036,3,4,4,4,4,797,449,448,448,448
22,2327.201327,1.135e-28,6.548e-09,0.0374,0.62,0.037,3,4,4,4,4,797,449,448,448,448
22,2327.618317,6.59e-29,6.556e-09,0.0432,0.65,0.043,3,4,4,4,4,797,449,448,448,448
22,2328.000549,1.491e-28,6.57e-09,0.0466,0.68,0.047,3,4,4,4,4,797,449,448,448,448
22,2328.348024,8.196e-29,6.582e-09,0.0472,0.71,0.047,3,4,4,4,4,797,449,448,448,448
22,2328.514965,4.959e-33,1.546e-08,0.0588,0.78,0.059,3,4,4,4,4,797,449,448,448,448
22,2328.660745,1.75e-28,6.601e-09,0.0469,0.73,0.047,3,4,4,4,4,797,449,448,448,448
22,2328.938714,9.039e-29,6.622e-09,0.0476,0.74,0.048,3,4,4,4,4,797,449,448,448,448
22,2329.181934,1.802e-28,6.654e-09,0.0469,0.75,0.047,3,4,4,4,4,797,449,448,448,448
22,2329.390404,8.627e-29,6.706e-09,0.0477,0.76,0.048,3,4,4,4,4,797,449,448,448,448
22,2329.564128,1.575e-28,6.793e-09,0.049,0.76,0.049,3,4,4,4,4,797,449,448,448,448
22,2329.703105,6.797e-29,6.978e-09,0.0509,0.77,0.051,3,4,4,4,4,797,449,448,448,448
22,2329.807338,1.103e-28,7.48e-09,0.0535,0.78,0.053,3,4,4,4,4,797,449,448,448,448
22,2329.876826,4.814e-29,1.047e-08,0.0567,0.79,0.057,3,4,4,4,4,797,449,448,448,448
22,2329.921966,1.662e-37,2.786e-08,0.0512,0.75,0.051,3,4,4,4,4,797,449,448,448,448
22,2336.227335,3.088e-33,1.68e-08,0.0562,0.77,0.056,3,4,4,4,4,797,449,448,448,448
22,2337.41762,8.396e-38,2.895e-08,0.0499,0.74,0.05,3,4,4,4,4,797,449,448,448,448
22,2341.744682,8.4e-29,5.431e-09,0.0663,0.81,0.066,3,4,4,4,4,797,449,448,448,448
22,2343.903609,7.141e-33,1.786e-08,0.0542,0.76,0.054,3,4,4,4,4,797,449,448,448,448
22,2344.875955,1.641e-37,2.999e-08,0.0488,0.73,0.049,3,4,4,4,4,797,449,448,448,448
22,2349.59822,7.546e-29,7.153e-09,0.0621,0.79,0.062,3,4,4,4,4,797,449,448,448,448
22,2351.54351,3.91e-33,1.878e-08,0.0525,0.76,0.052,3,4,4,4,4,797,449,448,448,448
22,2352.296694,7.775e-38,3.098e-08,0.0476,0.71,0.048,3,4,4,4,4,797,449,448,448,448
22,2357.416324,2.111e-28,8.143e-09,0.0588,0.78,0.059,3,4,4,4,4,797,449,448,448,448
22,2359.14676,8.193e-33,1.96e-08,0.0512,0.75,0.051,3,4,4,4,4,797,449,448,448,448
22,2359.679557,1.433e-37,3.196e-08,0.0463,0.68,0.046,3,4,4,4,4,797,449,448,448,448
22,2365.198717,1.314e-28,8.848e-09,0.0562,0.77,0.056,3,4,4,4,4,797,449,448,448,448
22,2366.713081,4.133e-33,2.036e-08,0.0499,0.74,0.05,3,4,4,4,4,797,449,448,448,448
22,2367.024264,6.425e-38,3.29e-08,0.0448,0.65,0.045,3,4,4,4,4,797,449,448,448,448
22,2372.945123,3.037e-28,9.409e-09,0.0542,0.76,0.054,3,4,4,4,4,797,449,448,448,448
22,2374.242195,8.066e-33,2.109e-08,0.0488,0.73,0.049,3,4,4,4,4,797,449,448,448,448
22,2374.330537,1.124e-37,3.386e-08,0.0433,0.62,0.043,3,4,4,4,4,797,449,448,448,448
22,2380.655265,1.661e-28,9.889e-09,0.0525,0.76,0.052,3,4,4,4,4,797,449,448,448,448
22,2381.598094,4.793e-38,3.479e-08,0.0415,0.57,0.042,3,4,4,4,4,797,449,448,448,448
22,2381.733823,3.817e-33,2.179e-08,0.0476,0.71,0.048,3,4,4,4,4,797,449,448,448,448
22,2388.328865,3.478e-28,1.033e-08,0.0512,0.75,0.051,3,4,4,4,4,797,449,448,448,448
22,2388.826657,7.987e-38,3.573e-08,0.0396,0.52,0.04,3,4,4,4,4,797,449,448,448,448
22,2389.187688,7.022e-33,2.248e-08,0.0463,0.68,0.046,3,4,4,4,4,797,449,448,448,448
22,2395.965647,1.753e-28,1.073e-08,0.0499,0.74,0.05,3,4,4,4,4,797,449,448,448,448
22,2396.015945,3.25e-38,3.667e-08,0.0375,0.47,0.037,3,4,4,4,4,797,449,448,448,448
22,2396.60351,3.144e-33,2.315e-08,0.0448,0.65,0.045,3,4,4,4,4,797,449,448,448,448
22,2403.165677,5.173e-38,3.762e-08,0.0354,0.41,0.035,3,4,4,4,4,797,449,448,448,448
22,2403.565333,3.416e-28,1.111e-08,0.0488,0.73,0.049,3,4,4,4,4,797,449,448,448,448
22,2403.981011,5.487e-33,2.382e-08,0.0433,0.62,0.043,3,4,4,4,4,797,449,448,448,448
22,2410.275572,2.012e-38,3.856e-08,0.0332,0.34,0.033,3,4,4,4,4,797,449,448,448,448
22,2411.127645,1.614e-28,1.148e-08,0.0476,0.71,0.048,3,4,4,4,4,797,449,448,448,448
22,2411.319912,2.336e-33,2.448e-08,0.0415,0.57,0.042,3,4,4,4,4,797,449,448,448,448
22,2417.345351,3.064e-38,3.952e-08,0.0311,0.27,0.031,3,4,4,4,4,797,449,448,448,448
22,2418.619934,3.883e-33,2.514e-08,0.0396,0.52,0.04,3,4,4,4,4,797,449,448,448,448
22,2418.652306,2.964e-28,1.184e-08,0.0463,0.68,0.046,3,4,4,4,4,797,449,448,448,448
22,2424.374732,1.141e-38,4.047e-08,0.0291,0.2,0.029,3,4,4,4,4,797,449,448,448,448
22,2425.880796,1.576e-33,2.58e-08,0.0375,0.47,0.037,3,4,4,4,4,797,449,448,448,448
22,2426.139038,1.325e-28,1.22e-08,0.0448,0.65,0.045,3,4,4,4,4,797,449,448,448,448
22,2431.363434,1.665e-38,4.147e-08,0.0274,0.2,0.027,3,4,4,4,4,797,449,448,448,448
22,2433.10222,2.502e-33,2.647e-08,0.0354,0.41,0.035,3,4,4,4,4,797,449,448,448,448
22,2433.587563,2.308e-28,1.255e-08,0.0433,0.62,0.043,3,4,4,4,4,797,449,448,448,448
22,2438.311175,5.943e-39,4.244e-08,0.0273,0.2,0.027,3,4,4,4,4,797,449,448,448,448
22,2440.283927,9.707e-34,2.714e-08,0.0332,0.34,0.033,3,4,4,4,4,797,449,448,448,448
22,2440.997602,9.804e-29,1.29e-08,0.0415,0.57,0.042,3,4,4,4,4,797,449,448,448,448
22,2445.217674,8.311e-39,4.343e-08,0.0273,0.2,0.027,3,4,4,4,4,797,449,448,448,448
22,2447.425635,1.474e-33,2.783e-08,0.0311,0.27,0.031,3,4,4,4,4,797,449,448,448,448
22,2448.368877,1.626e-28,1.325e-08,0.0396,0.52,0.04,3,4,4,4,4,797,449,448,448,448
22,2452.082649,2.846e-39,4.443e-08,0.0273,0.2,0.027,3,4,4,4,4,797,449,448,448,448
22,2454.527065,5.472e-34,2.85e-08,0.0291,0.2,0.029,3,4,4,4,4,797,449,448,448,448
22,2455.70111,6.585e-29,1.36e-08,0.0375,0.47,0.037,3,4,4,4,4,797,449,448,448,448
22,2458.905819,3.819e-39,4.545e-08,0.0273,0.2,0.027,3,4,4,4,4,797,449,448,448,448
22,2461.587938,7.954e-34,2.918e-08,0.0274,0.2,0.027,3,4,4,4,4,797,449,448,448,448
22,2462.994022,1.042e-28,1.395e-08,0.0354,0.41,0.035,3,4,4,4,4,797,449,448,448,448
22,2465.6869,1.255e-39,4.646e-08,0.0273,0.2,0.027,3,4,4,4,4,797,449,448,448,448
22,2468.607972,2.83e-34,2.988e-08,0.0273,0.2,0.027,3,4,4,4,4,797,449,448,448,448
22,2470.247334,4.033e-29,1.431e-08,0.0332,0.34,0.033,3,4,4,4,4,797,449,448,448,448
22,2472.425612,1.617e-39,4.75e-08,0.0273,0.2,0.027,3,4,4,4,4,797,449,448,448,448
22,2475.586887,3.943e-34,3.058e-08,0.0273,0.2,0.027,3,4,4,4,4,797,449,448,448,448
22,2477.460767,6.104e-29,1.467e-08,0.0311,0.27,0.031,3,4,4,4,4,797,449,448,448,448
22,2482.524403,1.345e-34,3.128e-08,0.0273,0.2,0.027,3,4,4,4,4,797,449,448,448,448
22,2484.634043,2.26e-29,1.503e-08,0.0291,0.2,0.029,3,4,4,4,4,797,449,448,448,448
22,2489.420239,1.798e-34,3.201e-08,0.0273,0.2,0.027,3,4,4,4,4,797,449,448,448,448
22,2491.766881,3.274e-29,1.539e-08,0.0274,0.2,0.027,3,4,4,4,4,797,449,448,448,448
22,2496.274114,5.885e-35,3.273e-08,0.0273,0.2,0.027,3,4,4,4,4,797,449,448,448,448
22,2498.859003,1.161e-29,1.576e-08,0.0273,0.2,0.027,3,4,4,4,4,797,449,448,448,448
22,2503.085747,7.549e-35,3.346e-08,0.0273,0.2,0.027,3,4,4,4,4,797,449,448,448,448
22,2505.910129,1.612e-29,1.613e-08,0.0273,0.2,0.027,3,4,4,4,4,797,449,448,448,448
22,2509.854856,2.372e-35,3.42e-08,0.0273,0.2,0.027,3,4,4,4,4,797,449,448,448,448
22,2512.919981,5.477e-30,1.65e-08,0.0273,0.2,0.027,3,4,4,4,4,797,449,448,448,448
22,2516.581162,2.922e-35,3.495e-08,0.0273,0.2,0.027,3,4,4,4,4,797,449,448,448,448
22,2519.888277,7.291e-30,1.688e-08,0.0273,0.2,0.027,3,4,4,4,4,797,449,448,448,448
22,2523.264381,8.817e-36,3.571e-08,0.0273,0.2,0.027,3,4,4,4,4,797,449,448,448,448
22,2526.814738,2.377e-30,1.727e-08,0.0273,0.2,0.027,3,4,4,4,4,797,449,448,448,448
22,2529.904233,1.043e-35,3.646e-08,0.0273,0.2,0.027,3,4,4,4,4,797,449,448,448,448
22,2533.699085,3.035e-30,1.765e-08,0.0273,0.2,0.027,3,4,4,4,4,797,449,448,448,448
22,2536.500436,3.025e-36,3.725e-08,0.0273,0.2,0.027,3,4,4,4,4,797,449,448,448,448
22,2540.541038,9.496e-31,1.804e-08,0.0273,0.2,0.027,3,4,4,4,4,797,449,448,448,448
22,2543.052708,3.44e-36,3.804e-08,0.0273,0.2,0.027,3,4,4,4,4,797,449,448,448,448
22,2547.340316,1.164e-30,1.844e-08,0.0273,0.2,0.027,3,4,4,4,4,797,449,448,448,448
22,2549.560767,9.586e-37,3.883e-08,0.0273,0.2,0.027,3,4,4,4,4,797,449,448,448,448
22,2554.096639,3.497e-31,1.884e-08,0.0273,0.2,0.027,3,4,4,4,4,797,449,448,448,448
22,2556.024331,1.048e-36,3.965e-08,0.0273,0.2,0.027,3,4,4,4,4,797,449,448,448,448
22,2560.809727,4.117e-31,1.925e-08,0.0273,0.2,0.027,3,4,4,4,4,797,449,448,448,448
22,2562.443117,2.807e-37,4.045e-08,0.0273,0.2,0.027,3,4,4,4,4,797,449,448,448,448
22,2567.479299,1.188e-31,1.967e-08,0.0273,0.2,0.027,3,4,4,4,4,797,449,448,448,448
22,2568.816844,2.95e-37,4.128e-08,0.0273,0.2,0.027,3,4,4,4,4,797,449,448,448,448
22,2574.105076,1.343e-31,2.007e-08,0.0273,0.2,0.027,3,4,4,4,4,797,449,448,448,448
22,2575.145229,7.6e-38,4.211e-08,0.0273,0.2,0.027,3,4,4,4,4,797,449,448,448,448
22,2580.686776,3.722e-32,2.049e-08,0.0273,0.2,0.027,3,4,4,4,4,797,449,448,448,448
22,2581.42799,7.682e-38,4.295e-08,0.0273,0.2,0.027,3,4,4,4,4,797,449,448,448,448
22,2587.224119,4.046e-32,2.093e-08,0.0273,0.2,0.027,3,4,4,4,4,797,449,448,448,448
22,2587.664842,1.904e-38,4.381e-08,0.0273,0.2,0.027,3,4,4,4,4,797,449,448,448,448
22,2593.716824,1.078e-32,2.136e-08,0.0273,0.2,0.027,3,4,4,4,4,797,449,448,448,448
22,2593.855504,1.851e-38,4.467e-08,0.0273,0.2,0.027,3,4,4,4,4,797,449,448,448,448
22,2599.999693,4.414e-39,4.555e-08,0.0273,0.2,0.027,3,4,4,4,4,797,449,448,448,448
22,2600.16461,1.126e-32,2.18e-08,0.0273,0.2,0.027,3,4,4,4,4,797,449,448,448,448
22,2606.097125,4.129e-39,4.642e-08,0.0273,0.2,0.027,3,4,4,4,4,797,449,448,448,448
22,2606.567196,2.883e-33,2.224e-08,0.0273,0.2,0.027,3,4,4,4,4,797,449,448,448,448
22,2612.9243,2.895e-33,2.268e-08,0.0273,0.2,0.027,3,4,4,4,4,797,449,448,448,448
22,2619.235643,7.128e-34,2.314e-08,0.0273,0.2,0.027,3,4,4,4,4,797,449,448,448,448
22,2625.500941,6.885e-34,2.36e-08,0.0273,0.2,0.027,3,4,4,4,4,797,449,448,448,448
22,2631.719915,1.63e-34,2.405e-08,0.0273,0.2,0.027,3,4,4,4,4,797,449,448,448,448
22,2637.892282,1.515e-34,2.453e-08,0.0273,0.2,0.027,3,4,4,4,4,797,449,448,448,448
22,2644.01776,3.451e-35,2.5e-08,0.0273,0.2,0.027,3,4,4,4,4,797,449,448,448,448
22,2650.096069,3.084e-35,2.548e-08,0.0273,0.2,0.027,3,4,4,4,4,797,449,448,448,448
22,2656.126925,6.76e-36,2.596e-08,0.0273,0.2,0.027,3,4,4,4,4,797,449,448,448,448
22,2662.110047,5.815e-36,2.646e-08,0.0273,0.2,0.027,3,4,4,4,4,797,449,448,448,448
22,2668.045153,1.227e-36,2.696e-08,0.0273,0.2,0.027,3,4,4,4,4,797,449,448,448,448
22,2673.93196,1.015e-36,2.744e-08,0.0273,0.2,0.027,3,4,4,4,4,797,449,448,448,448
22,2679.770185,2.062e-37,2.796e-08,0.0273,0.2,0.027,3,4,4,4,4,797,449,448,448,448
22,2685.559547,1.643e-37,2.847e-08,0.0273,0.2,0.027,3,4,4,4,4,797,449,448,448,448
22,2691.299763,3.212e-38,2.898e-08,0.0273,0.2,0.027,3,4,4,4,4,797,449,448,448,448
22,2696.990549,2.465e-38,2.951e-08,0.0273,0.2,0.027,3,4,4,4,4,797,449,448,448,448
22,2702.631622,4.64e-39,3.003e-08,0.0273,0.2,0.027,3,4,4,4,4,797,449,448,448,448
22,2708.2227,3.429e-39,3.057e-08,0.0273,0.2,0.027,3,4,4,4,4,797,449,448,448,448
22,4182.728358,1.877e-39,1.348e-10,0.0273,0.2,0.027,3,4,4,4,4,797,449,448,448,448
22,4193.593047,2.387e-39,1.41e-10,0.0273,0.2,0.027,3,4,4,4,4,797,449,448,448,448
22,4204.40031,1.191e-38,1.473e-10,0.0273,0.2,0.027,3,4,4,4,4,797,449,448,448,448
22,4215.149903,1.457e-38,1.539e-10,0.0273,0.2,0.027,3,4,4,4,4,797,449,448,448,448
22,4225.841582,6.992e-38,1.607e-10,0.0273,0.2,0.027,3,4,4,4,4,797,449,448,448,448
22,4236.475102,8.225e-38,1.677e-10,0.0273,0.2,0.027,3,4,4,4,4,797,449,448,448,448
22,4247.050218,3.795e-37,1.75e-10,0.0273,0.2,0.027,3,4,4,4,4,797,449,448,448,448
22,4254.246848,1.542e-39,6.604e-10,0.0273,0.2,0.027,3,4,4,4,4,797,449,448,448,448
22,4257.56668,4.292e-37,1.825e-10,0.0273,0.2,0.027,3,4,4,4,4,797,449,448,448,448
22,4264.343864,1.537e-39,6.867e-10,0.0273,0.2,0.027,3,4,4,4,4,797,449,448,448,448
22,4268.024242,1.904e-36,1.903e-10,0.0273,0.2,0.027,3,4,4,4,4,797,449,448,448,448
22,4274.38025,6.009e-39,7.14e-10,0.0273,0.2,0.027,3,4,4,4,4,797,449,448,448,448
22,4278.422654,2.07e-36,1.984e-10,0.0273,0.2,0.027,3,4,4,4,4,797,449,448,448,448
22,4284.355754,5.757e-39,7.422e-10,0.0273,0.2,0.027,3,4,4,4,4,797,449,448,448,448
22,4288.761666,8.822e-36,2.066e-10,0.0273,0.2,0.027,3,4,4,4,4,797,449,448,448,448
22,4294.270121,2.163e-38,7.715e-10,0.0273,0.2,0.027,3,4,4,4,4,797,449,448,448,448
22,4299.041027,9.217e-36,2.152e-10,0.0273,0.2,0.027,3,4,4,4,4,797,449,448,448,448
22,4304.123094,1.99e-38,8.012e-10,0.0273,0.2,0.027,3,4,4,4,4,797,449,448,448,448
22,4309.260485,3.776e-35,2.241e-10,0.0273,0.2,0.027,3,4,4,4,4,797,449,448,448,448
22,4313.914419,7.181e-38,8.324e-10,0.0273,0.2,0.027,3,4,4,4,4,797,449,448,448,448
22,4319.419787,3.79e-35,2.332e-10,0.0273,0.2,0.027,3,4,4,4,4,797,449,448,448,448
22,4323.643837,6.346e-38,8.643e-10,0.0273,0.2,0.027,3,4,4,4,4,797,449,448,448,448
22,4329.51868,1.491e-34,2.425e-10,0.0273,0.2,0.027,3,4,4,4,4,797,449,448,448,448
22,4333.311092,2.198e-37,8.972e-10,0.0273,0.2,0.027,3,4,4,4,4,797,449,448,448,448
22,4339.556908,1.438e-34,2.523e-10,0.0273,0.2,0.027,3,4,4,4,4,797,449,448,448,448
22,4342.915923,1.865e-37,9.314e-10,0.0273,0.2,0.027,3,4,4,4,4,797,449,448,448,448
22,4349.534217,5.435e-34,2.624e-10,0.0273,0.2,0.027,3,4,4,4,4,797,449,448,448,448
22,4352.458073,6.2e-37,9.665e-10,0.0273,0.2,0.027,3,4,4,4,4,797,449,448,448,448
22,4359.450351,5.032e-34,2.727e-10,0.0273,0.2,0.027,3,4,4,4,4,797,449,448,448,448
22,4361.93728,5.047e-37,1.003e-09,0.0273,0.2,0.027,3,4,4,4,4,797,449,448,448,448
22,4369.305051,1.826e-33,2.834e-10,0.0273,0.2,0.027,3,4,4,4,4,797,449,448,448,448
22,4371.353283,1.609e-36,1.04e-09,0.0273,0.2,0.027,3,4,4,4,4,797,449,448,448,448
22,4379.098061,1.623e-33,2.945e-10,0.0273,0.2,0.027,3,4,4,4,4,797,449,448,448,448
22,4380.705821,1.256e-36,1.079e-09,0.0273,0.2,0.027,3,4,4,4,4,797,449,448,448,448
22,4388.829122,5.652e-33,3.058e-10,0.0273,0.2,0.027,3,4,4,4,4,797,449,448,448,448
22,4389.994631,3.84e-36,1.119e-09,0.0273,0.2,0.027,3,4,4,4,4,797,449,448,448,448
22,4398.497975,4.821e-33,3.177e-10,0.0273,0.2,0.027,3,4,4,4,4,797,449,448,448,448
22,4399.21945,2.873e-36,1.161e-09,0.0273,0.2,0.027,3,4,4,4,4,797,449,448,448,448
22,4405.46942,1.454e-39,2.92e-09,0.0396,0.52,0.04,3,4,4,4,4,797,449,448,448,448
22,4408.104358,1.611e-32,3.298e-10,0.0273,0.2,0.027,3,4,4,4,4,797,449,448,448,448
22,4408.380014,8.411e-36,1.204e-09,0.0274,0.2,0.027,3,4,4,4,4,797,449,448,448,448
22,4417.476058,6.024e-36,1.248e-09,0.0291,0.2,0.029,3,4,4,4,4,797,449,448,448,448
22,4417.648013,1.318e-32,3.424e-10,0.0273,0.2,0.027,3,4,4,4,4,797,449,448,448,448
22,4422.67515,2.184e-39,3.152e-09,0.0433,0.62,0.043,3,4,4,4,4,797,449,448,448,448
22,4426.507317,1.688e-35,1.295e-09,0.0311,0.27,0.031,3,4,4,4,4,797,449,448,448,448
22,4427.128676,4.221e-32,3.553e-10,0.0273,0.2,0.027,3,4,4,4,4,797,449,448,448,448
22,4431.177843,1.286e-39,3.28e-09,0.0448,0.65,0.045,3,4,4,4,4,797,449,448,448,448
22,4435.473524,1.156e-35,1.343e-09,0.0332,0.34,0.033,3,4,4,4,4,797,449,448,448,448
22,4436.546085,3.31e-32,3.687e-10,0.0273,0.2,0.027,3,4,4,4,4,797,449,448,448,448
22,4439.613394,2.945e-39,3.419e-09,0.0463,0.68,0.046,3,4,4,4,4,797,449,448,448,448
22,4444.374414,3.093e-35,1.393e-09,0.0354,0.41,0.035,3,4,4,4,4,797,449,448,448,448
22,4445.899979,1.016e-31,3.825e-10,0.0273,0.2,0.027,3,4,4,4,4,797,449,448,448,448
22,4447.981531,1.635e-39,3.572e-09,0.0476,0.71,0.048,3,4,4,4,4,797,449,448,448,448
22,4453.209719,2.022e-35,1.446e-09,0.0375,0.47,0.037,3,4,4,4,4,797,449,448,448,448
22,4455.190092,7.633e-32,3.969e-10,0.0273,0.2,0.027,3,4,4,4,4,797,449,448,448,448
22,4456.281984,3.513e-39,3.746e-09,0.0488,0.73,0.049,3,4,4,4,4,797,449,448,448,448
22,4461.97917,5.16e-35,1.501e-09,0.0396,0.52,0.04,3,4,4,4,4,797,449,448,448,448
22,4464.416161,2.244e-31,4.118e-10,0.0274,0.2,0.027,3,4,4,4,4,797,449,448,448,448
22,4464.514479,1.817e-39,3.948e-09,0.0499,0.74,0.05,3,4,4,4,4,797,449,448,448,448
22,4470.6825,3.212e-35,1.56e-09,0.0415,0.57,0.042,3,4,4,4,4,797,449,448,448,448
22,4472.678743,3.597e-39,4.197e-09,0.0512,0.75,0.051,3,4,4,4,4,797,449,448,448,448
22,4473.57792,1.613e-31,4.272e-10,0.0291,0.2,0.029,3,4,4,4,4,797,449,448,448,448
22,4479.319438,7.792e-35,1.621e-09,0.0433,0.62,0.043,3,4,4,4,4,797,449,448,448,448
22,4480.774503,1.686e-39,4.53e-09,0.0525,0.76,0.052,3,4,4,4,4,797,449,448,448,448
22,4482.675104,4.535e-31,4.432e-10,0.0311,0.27,0.031,3,4,4,4,4,797,449,448,448,448
22,4487.889716,4.6e-35,1.688e-09,0.0448,0.65,0.045,3,4,4,4,4,797,449,448,448,448
22,4488.801485,2.935e-39,5.038e-09,0.0542,0.76,0.054,3,4,4,4,4,797,449,448,448,448
22,4491.707447,3.116e-31,4.599e-10,0.0332,0.34,0.033,3,4,4,4,4,797,449,448,448,448
22,4496.393061,1.056e-34,1.761e-09,0.0463,0.68,0.046,3,4,4,4,4,797,449,448,448,448
22,4496.759414,1.137e-39,6.05e-09,0.0562,0.77,0.056,3,4,4,4,4,797,449,448,448,448
22,4500.674682,8.369e-31,4.773e-10,0.0354,0.41,0.035,3,4,4,4,4,797,449,448,448,448
22,4504.648014,1.372e-39,1.038e-08,0.0588,0.78,0.059,3,4,4,4,4,797,449,448,448,448
22,4504.829205,5.874e-35,1.84e-09,0.0476,0.71,0.048,3,4,4,4,4,797,449,448,448,448
22,4509.023516,1.494e-39,2.71e-09,0.0357,0.52,0.036,3,4,4,4,4,797,449,448,448,448
22,4509.57654,5.487e-31,4.955e-10,0.0375,0.47,0.037,3,4,4,4,4,797,449,448,448,448
22,4510.914501,2.153e-39,2.716e-09,0.0374,0.62,0.037,3,4,4,4,4,797,449,448,448,448
22,4511.754895,1.245e-39,2.719e-09,0.0432,0.65,0.043,3,4,4,4,4,797,449,448,448,448
22,4512.525232,2.805e-39,2.723e-09,0.0466,0.68,0.047,3,4,4,4,4,797,449,448,448,448
22,4513.197874,1.264e-34,1.929e-09,0.0488,0.73,0.049,3,4,4,4,4,797,449,448,448,448
22,4513.225518,1.537e-39,2.729e-09,0.0472,0.71,0.047,3,4,4,4,4,797,449,448,448,448
22,4513.85576,3.27e-39,2.736e-09,0.0469,0.73,0.047,3,4,4,4,4,797,449,448,448,448
22,4514.415962,1.684e-39,2.744e-09,0.0476,0.74,0.048,3,4,4,4,4,797,449,448,448,448
22,4514.90613,3.35e-39,2.757e-09,0.0469,0.75,0.047,3,4,4,4,4,797,449,448,448,448
22,4515.326266,1.6e-39,2.778e-09,0.0477,0.76,0.048,3,4,4,4,4,797,449,448,448,448
22,4515.676374,2.917e-39,2.815e-09,0.049,0.76,0.049,3,4,4,4,4,797,449,448,448,448
22,4515.956457,1.257e-39,2.891e-09,0.0509,0.77,0.051,3,4,4,4,4,797,449,448,448,448
22,4516.166518,2.036e-39,3.097e-09,0.0535,0.78,0.053,3,4,4,4,4,797,449,448,448,448
22,4518.412755,1.405e-30,5.148e-10,0.0396,0.52,0.04,3,4,4,4,4,797,449,448,448,448
22,4521.498797,6.549e-35,2.034e-09,0.0499,0.74,0.05,3,4,4,4,4,797,449,448,448,448
22,4527.183057,8.766e-31,5.348e-10,0.0415,0.57,0.042,3,4,4,4,4,797,449,448,448,448
22,4527.281323,2.977e-39,1.365e-09,0.02,0.2,0.02,3,4,4,4,4,797,449,448,448,448
22,4527.89508,1.567e-39,2.263e-09,0.0663,0.81,0.066,3,4,4,4,4,797,449,448,448,448
22,4529.7317,1.299e-34,2.164e-09,0.0512,0.75,0.051,3,4,4,4,4,797,449,448,448,448
22,4529.798467,2.873e-39,1.367e-09,0.02,0.2,0.02,3,4,4,4,4,797,449,448,448,448
22,4532.245462,1.087e-38,1.368e-09,0.02,0.2,0.02,3,4,4,4,4,797,449,448,448,448
22,4534.622328,1.009e-38,1.37e-09,0.02,0.2,0.02,3,4,4,4,4,797,449,448,448,448
22,4535.5036,1.418e-39,2.992e-09,0.0621,0.79,0.062,3,4,4,4,4,797,449,448,448,448
22,4535.887176,2.132e-30,5.562e-10,0.0433,0.62,0.043,3,4,4,4,4,797,449,448,448,448
22,4536.929085,3.672e-38,1.372e-09,0.02,0.2,0.02,3,4,4,4,4,797,449,448,448,448
22,4537.896311,6.094e-35,2.335e-09,0.0525,0.76,0.052,3,4,4,4,4,797,449,448,448,448
22,4539.165751,3.276e-38,1.374e-09,0.02,0.2,0.02,3,4,4,4,4,797,449,448,448,448
22,4541.332344,1.146e-37,1.376e-09,0.02,0.2,0.02,3,4,4,4,4,797,449,448,448,448
22,4543.041406,3.999e-39,3.419e-09,0.0588,0.78,0.059,3,4,4,4,4,797,449,448,448,448
22,4543.428882,9.823e-38,1.377e-09,0.02,0.2,0.02,3,4,4,4,4,797,449,448,448,448
22,4544.524844,1.262e-30,5.794e-10,0.0448,0.65,0.045,3,4,4,4,4,797,449,448,448,448
22,4545.455381,3.302e-37,1.379e-09,0.02,0.2,0.02,3,4,4,4,4,797,449,448,448,448
22,4545.790299,1.132e-39,4.595e-10,0.02,0.2,0.02,3,4,4,4,4,797,449,448,448,448
22,4545.992356,1.062e-34,2.597e-09,0.0542,0.76,0.054,3,4,4,4,4,797,449,448,448,448
22,4547.411858,2.719e-37,1.38e-09,0.02,0.2,0.02,3,4,4,4,4,797,449,448,448,448
22,4549.210292,5.651e-39,4.604e-10,0.02,0.2,0.02,3,4,4,4,4,797,449,448,448,448
22,4549.298328,8.776e-37,1.382e-09,0.02,0.2,0.02,3,4,4,4,4,797,449,448,448,448
22,4550.508219,2.509e-39,3.729e-09,0.0562,0.77,0.056,3,4,4,4,4,797,449,448,448,448
22,4551.114806,6.94e-37,1.383e-09,0.02,0.2,0.02,3,4,4,4,4,797,449,448,448,448
22,4552.560071,6.919e-39,4.613e-10,0.02,0.2,0.02,3,4,4,4,4,797,449,448,448,448
22,4552.861306,2.15e-36,1.385e-09,0.02,0.2,0.02,3,4,4,4,4,797,449,448,448,448
22,4553.095789,2.902e-30,6.042e-10,0.0463,0.68,0.046,3,4,4,4,4,797,449,448,448,448
22,4554.019559,4.12e-35,3.122e-09,0.0562,0.77,0.056,3,4,4,4,4,797,449,448,448,448
22,4554.537842,1.632e-36,1.386e-09,0.0214,0.2,0.021,3,4,4,4,4,797,449,448,448,448
22,4555.839663,3.325e-38,4.621e-10,0.02,0.2,0.02,3,4,4,4,4,797,449,448,448,448
22,4556.144427,4.852e-36,1.388e-09,0.023,0.2,0.023,3,4,4,4,4,797,449,448,448,448
22,4557.681073,3.531e-36,1.389e-09,0.025,0.2,0.025,3,4,4,4,4,797,449,448,448,448
22,4557.90376,5.848e-39,3.98e-09,0.0542,0.76,0.054,3,4,4,4,4,797,449,448,448,448
22,4559.049096,3.919e-38,4.629e-10,0.02,0.2,0.02,3,4,4,4,4,797,449,448,448,448
22,4559.147792,1.006e-35,1.39e-09,0.0273,0.2,0.027,3,4,4,4,4,797,449,448,448,448
22,4560.544596,7.02e-36,1.392e-09,0.0299,0.2,0.03,3,4,4,4,4,797,449,448,448,448
22,4561.599741,1.618e-30,6.317e-10,0.0476,0.71,0.048,3,4,4,4,4,797,449,448,448,448
22,4561.871494,1.917e-35,1.393e-09,0.0327,0.27,0.033,3,4,4,4,4,797,449,448,448,448
22,4561.977647,4.975e-35,5.357e-09,0.0588,0.78,0.059,3,4,4,4,4,797,449,448,448,448
22,4562.188396,1.813e-37,4.639e-10,0.02,0.2,0.02,3,4,4,4,4,797,449,448,448,448
22,4563.128498,1.28e-35,1.395e-09,0.0332,0.34,0.033,3,4,4,4,4,797,449,448,448,448
22,4564.315616,3.343e-35,1.396e-09,0.0339,0.41,0.034,3,4,4,4,4,797,449,448,448,448
22,4565.227749,3.227e-39,4.2e-09,0.0525,0.76,0.052,3,4,4,4,4,797,449,448,448,448
22,4565.257589,2.056e-37,4.645e-10,0.02,0.2,0.02,3,4,4,4,4,797,449,448,448,448
22,4565.432858,2.134e-35,1.397e-09,0.033,0.47,0.033,3,4,4,4,4,797,449,448,448,448
22,4566.480231,5.324e-35,1.398e-09,0.0357,0.52,0.036,3,4,4,4,4,797,449,448,448,448
22,4567.457745,3.243e-35,1.4e-09,0.0356,0.57,0.036,3,4,4,4,4,797,449,448,448,448
22,4568.256699,9.151e-37,4.653e-10,0.02,0.2,0.02,3,4,4,4,4,797,449,448,448,448
22,4568.365406,7.709e-35,1.402e-09,0.0374,0.62,0.037,3,4,4,4,4,797,449,448,448,448
22,4569.203221,4.467e-35,1.404e-09,0.0432,0.65,0.043,3,4,4,4,4,797,449,448,448,448
22,4569.971196,1.008e-34,1.405e-09,0.0466,0.68,0.047,3,4,4,4,4,797,449,448,448,448
22,4570.036428,3.488e-30,6.626e-10,0.0488,0.73,0.049,3,4,4,4,4,797,449,448,448,448
22,4570.669337,5.534e-35,1.408e-09,0.0472,0.71,0.047,3,4,4,4,4,797,449,448,448,448
22,4571.185752,9.987e-37,4.66e-10,0.02,0.2,0.02,3,4,4,4,4,797,449,448,448,448
22,4571.297649,1.179e-34,1.412e-09,0.0469,0.73,0.047,3,4,4,4,4,797,449,448,448,448
22,4571.856137,6.083e-35,1.417e-09,0.0476,0.74,0.048,3,4,4,4,4,797,449,448,448,448
22,4572.344805,1.211e-34,1.423e-09,0.0469,0.75,0.047,3,4,4,4,4,797,449,448,448,448
22,4572.479906,6.815e-39,4.4e-09,0.0512,0.75,0.051,3,4,4,4,4,797,449,448,448,448
22,4572.763657,5.792e-35,1.434e-09,0.0477,0.76,0.048,3,4,4,4,4,797,449,448,448,448
22,4573.112695,1.057e-34,1.453e-09,0.049,0.76,0.049,3,4,4,4,4,797,449,448,448,448
22,4573.391923,4.556e-35,1.492e-09,0.0509,0.77,0.051,3,4,4,4,4,797,449,448,448,448
22,4573.601342,7.386e-35,1.599e-09,0.0535,0.78,0.053,3,4,4,4,4,797,449,448,448,448
22,4573.740954,3.223e-35,2.238e-09,0.0567,0.79,0.057,3,4,4,4,4,797,449,448,448,448
22,4574.044771,4.277e-36,4.668e-10,0.02,0.2,0.02,3,4,4,4,4,797,449,448,448,448
22,4576.833777,4.49e-36,4.675e-10,0.02,0.2,0.02,3,4,4,4,4,797,449,448,448,448
22,4578.405577,1.81e-30,6.988e-10,0.0499,0.74,0.05,3,4,4,4,4,797,449,448,448,448
22,4579.552794,1.849e-35,4.681e-10,0.02,0.2,0.02,3,4,4,4,4,797,449,448,448,448
22,4579.659949,3.466e-39,4.588e-09,0.0499,0.74,0.05,3,4,4,4,4,797,449,448,448,448
22,4582.201842,1.867e-35,4.688e-10,0.02,0.2,0.02,3,4,4,4,4,797,449,448,448,448
22,4584.780943,7.397e-35,4.696e-10,0.02,0.2,0.02,3,4,4,4,4,797,449,448,448,448
22,4585.434455,5.688e-35,1.169e-09,0.0663,0.81,0.066,3,4,4,4,4,797,449,448,448,448
22,4586.706917,3.595e-30,7.435e-10,0.0512,0.75,0.051,3,4,4,4,4,797,449,448,448,448
22,4586.767598,6.82e-39,4.769e-09,0.0488,0.73,0.049,3,4,4,4,4,797,449,448,448,448
22,4587.290115,7.182e-35,4.703e-10,0.02,0.2,0.02,3,4,4,4,4,797,449,448,448,448
22,4589.729378,2.735e-34,4.71e-10,0.02,0.2,0.02,3,4,4,4,4,797,449,448,448,448
22,4592.098751,2.552e-34,4.715e-10,0.02,0.2,0.02,3,4,4,4,4,797,449,448,448,448
22,4593.113318,5.15e-35,1.546e-09,0.0621,0.79,0.062,3,4,4,4,4,797,449,448,448,448
22,4593.802569,3.254e-39,4.945e-09,0.0476,0.71,0.048,3,4,4,4,4,797,449,448,448,448
22,4594.398251,9.341e-34,4.722e-10,0.02,0.2,0.02,3,4,4,4,4,797,449,448,448,448
22,4594.940174,1.689e-30,8.027e-10,0.0525,0.76,0.052,3,4,4,4,4,797,449,448,448,448
22,4596.627896,8.378e-34,4.728e-10,0.02,0.2,0.02,3,4,4,4,4,797,449,448,448,448
22,4598.787703,2.946e-33,4.733e-10,0.02,0.2,0.02,3,4,4,4,4,797,449,448,448,448
22,4600.721682,1.452e-34,1.767e-09,0.0588,0.78,0.059,3,4,4,4,4,797,449,448,448,448
22,4600.764582,6.036e-39,5.117e-09,0.0463,0.68,0.046,3,4,4,4,4,797,449,448,448,448
22,4600.877687,2.539e-33,4.74e-10,0.02,0.2,0.02,3,4,4,4,4,797,449,448,448,448
22,4602.897863,8.574e-33,4.745e-10,0.02,0.2,0.02,3,4,4,4,4,797,449,448,448,448
22,4603.105074,2.948e-30,8.935e-10,0.0542,0.76,0.054,3,4,4,4,4,797,449,448,448,448
22,4604.848248,7.094e-33,4.75e-10,0.02,0.2,0.02,3,4,4,4,4,797,449,448,448,448
22,4606.728854,2.301e-32,4.757e-10,0.02,0.2,0.02,3,4,4,4,4,797,449,448,448,448
22,4607.653353,2.725e-39,5.288e-09,0.0448,0.65,0.045,3,4,4,4,4,797,449,448,448,448
22,4608.259269,9.106e-35,1.927e-09,0.0562,0.77,0.056,3,4,4,4,4,797,449,448,448,448
22,4608.539696,1.827e-32,4.761e-10,0.02,0.2,0.02,3,4,4,4,4,797,449,448,448,448
22,4610.280786,5.686e-32,4.766e-10,0.02,0.2,0.02,3,4,4,4,4,797,449,448,448,448
22,4611.201344,1.144e-30,1.074e-09,0.0562,0.77,0.056,3,4,4,4,4,797,449,448,448,448
22,4611.952138,4.333e-32,4.772e-10,0.0214,0.2,0.021,3,4,4,4,4,797,449,448,448,448
22,4613.553762,1.293e-31,4.776e-10,0.023,0.2,0.023,3,4,4,4,4,797,449,448,448,448
22,4614.468598,4.797e-39,5.458e-09,0.0433,0.62,0.043,3,4,4,4,4,797,449,448,448,448
22,4615.085671,9.447e-32,4.781e-10,0.025,0.2,0.025,3,4,4,4,4,797,449,448,448,448
22,4615.725801,2.122e-34,2.058e-09,0.0542,0.76,0.054,3,4,4,4,4,797,449,448,448,448
22,4616.547874,2.702e-31,4.785e-10,0.0273,0.2,0.027,3,4,4,4,4,797,449,448,448,448
22,4617.940384,1.891e-31,4.789e-10,0.0299,0.2,0.03,3,4,4,4,4,797,449,448,448,448
22,4619.228708,1.383e-30,1.843e-09,0.0588,0.78,0.059,3,4,4,4,4,797,449,448,448,448
22,4619.263208,5.181e-31,4.795e-10,0.0327,0.27,0.033,3,4,4,4,4,797,449,448,448,448
22,4620.516357,3.47e-31,4.8e-10,0.0332,0.34,0.033,3,4,4,4,4,797,449,448,448,448
22,4621.210033,2.06e-39,5.63e-09,0.0415,0.57,0.042,3,4,4,4,4,797,449,448,448,448
22,4621.69984,9.09e-31,4.804e-10,0.0339,0.41,0.034,3,4,4,4,4,797,449,448,448,448
22,4622.813663,5.818e-31,4.809e-10,0.033,0.47,0.033,3,4,4,4,4,797,449,448,448,448
22,4623.120998,1.17e-34,2.172e-09,0.0525,0.76,0.052,3,4,4,4,4,797,449,448,448,448
22,4623.857836,1.455e-30,4.813e-10,0.0357,0.52,0.036,3,4,4,4,4,797,449,448,448,448
22,4624.832365,8.885e-31,4.819e-10,0.0356,0.57,0.036,3,4,4,4,4,797,449,448,448,448
22,4625.737258,2.117e-30,4.825e-10,0.0374,0.62,0.037,3,4,4,4,4,797,449,448,448,448
22,4626.572519,1.229e-30,4.831e-10,0.0432,0.65,0.043,3,4,4,4,4,797,449,448,448,448
22,4627.338155,2.78e-30,4.84e-10,0.0466,0.68,0.047,3,4,4,4,4,797,449,448,448,448
22,4627.877374,3.454e-39,5.8e-09,0.0396,0.52,0.04,3,4,4,4,4,797,449,448,448,448
22,4628.034172,1.528e-30,4.848e-10,0.0472,0.71,0.047,3,4,4,4,4,797,449,448,448,448
22,4628.660573,3.261e-30,4.86e-10,0.0469,0.73,0.047,3,4,4,4,4,797,449,448,448,448
22,4629.217364,1.685e-30,4.877e-10,0.0476,0.74,0.048,3,4,4,4,4,797,449,448,448,448
22,4629.704548,3.359e-30,4.9e-10,0.0469,0.75,0.047,3,4,4,4,4,797,449,448,448,448
22,4630.122127,1.608e-30,4.938e-10,0.0477,0.76,0.048,3,4,4,4,4,797,449,448,448,448
22,4630.444581,2.469e-34,2.275e-09,0.0512,0.75,0.051,3,4,4,4,4,797,449,448,448,448
22,4630.470106,2.936e-30,5.003e-10,0.049,0.76,0.049,3,4,4,4,4,797,449,448,448,448
22,4630.748487,1.266e-30,5.135e-10,0.0509,0.77,0.051,3,4,4,4,4,797,449,448,448,448
22,4630.95727,2.054e-30,5.503e-10,0.0535,0.78,0.053,3,4,4,4,4,797,449,448,448,448
22,4631.096458,8.968e-31,7.706e-10,0.0567,0.79,0.057,3,4,4,4,4,797,449,448,448,448
22,4634.470336,1.415e-39,5.973e-09,0.0375,0.47,0.037,3,4,4,4,4,797,449,448,448,448
22,4637.696269,1.255e-34,2.374e-09,0.0499,0.74,0.05,3,4,4,4,4,797,449,448,448,448
22,4640.988633,2.266e-39,6.146e-09,0.0354,0.41,0.035,3,4,4,4,4,797,449,448,448,448
22,4642.894615,1.583e-30,4.023e-10,0.0663,0.81,0.066,3,4,4,4,4,797,449,448,448,448
22,4644.875784,2.466e-34,2.468e-09,0.0488,0.73,0.049,3,4,4,4,4,797,449,448,448,448
22,4650.643601,1.434e-30,5.326e-10,0.0621,0.79,0.062,3,4,4,4,4,797,449,448,448,448
22,4651.982842,1.175e-34,2.559e-09,0.0476,0.71,0.048,3,4,4,4,4,797,449,448,448,448
22,4653.800089,1.359e-39,6.497e-09,0.0311,0.27,0.031,3,4,4,4,4,797,449,448,448,448
22,4658.322302,4.041e-30,6.087e-10,0.0588,0.78,0.059,3,4,4,4,4,797,449,448,448,448
22,4659.017163,2.176e-34,2.649e-09,0.0463,0.68,0.046,3,4,4,4,4,797,449,448,448,448
22,4665.93044,2.534e-30,6.64e-10,0.0562,0.77,0.056,3,4,4,4,4,797,449,448,448,448
22,4665.978466,9.81e-35,2.738e-09,0.0448,0.65,0.045,3,4,4,4,4,797,449,448,448,448
22,4672.866467,1.724e-34,2.827e-09,0.0433,0.62,0.043,3,4,4,4,4,797,449,448,448,448
22,4673.467737,5.902e-30,7.092e-10,0.0542,0.76,0.054,3,4,4,4,4,797,449,448,448,448
22,4679.680884,7.387e-35,2.916e-09,0.0415,0.57,0.042,3,4,4,4,4,797,449,448,448,448
22,4680.933914,3.253e-30,7.488e-10,0.0525,0.76,0.052,3,4,4,4,4,797,449,448,448,448
22,4686.421433,1.236e-34,3.005e-09,0.0396,0.52,0.04,3,4,4,4,4,797,449,448,448,448
22,4688.328693,6.86e-30,7.848e-10,0.0512,0.75,0.051,3,4,4,4,4,797,449,448,448,448
22,4693.087831,5.052e-35,3.095e-09,0.0375,0.47,0.037,3,4,4,4,4,797,449,448,448,448
22,4695.651795,3.482e-30,8.187e-10,0.0499,0.74,0.05,3,4,4,4,4,797,449,448,448,448
22,4699.679793,8.07e-35,3.186e-09,0.0354,0.41,0.035,3,4,4,4,4,797,449,448,448,448
22,4702.90294,6.836e-30,8.514e-10,0.0488,0.73,0.049,3,4,4,4,4,797,449,448,448,448
22,4706.197036,3.151e-35,3.277e-09,0.0332,0.34,0.033,3,4,4,4,4,797,449,448,448,448
22,4710.081847,3.253e-30,8.831e-10,0.0476,0.71,0.048,3,4,4,4,4,797,449,448,448,448
22,4712.639273,4.814e-35,3.37e-09,0.0311,0.27,0.031,3,4,4,4,4,797,449,448,448,448
22,4717.188236,6.017e-30,9.144e-10,0.0463,0.68,0.046,3,4,4,4,4,797,449,448,448,448
22,4719.006219,1.799e-35,3.463e-09,0.0291,0.2,0.029,3,4,4,4,4,797,449,448,448,448
22,4724.221828,2.708e-30,9.454e-10,0.0448,0.65,0.045,3,4,4,4,4,797,449,448,448,448
22,4725.297588,2.631e-35,3.557e-09,0.0274,0.2,0.027,3,4,4,4,4,797,449,448,448,448
22,4731.182339,4.749e-30,9.761e-10,0.0433,0.62,0.043,3,4,4,4,4,797,449,448,448,448
22,4731.513095,9.419e-36,3.653e-09,0.0273,0.2,0.027,3,4,4,4,4,797,449,448,448,448
22,4737.65245,1.321e-35,3.752e-09,0.0273,0.2,0.027,3,4,4,4,4,797,449,448,448,448
22,4738.069488,2.031e-30,1.007e-09,0.0415,0.57,0.042,3,4,4,4,4,797,449,448,448,448
22,4743.715369,4.532e-36,3.849e-09,0.0273,0.2,0.027,3,4,4,4,4,797,449,448,448,448
22,4744.882994,3.392e-30,1.038e-09,0.0396,0.52,0.04,3,4,4,4,4,797,449,448,448,448
22,4749.701562,6.094e-36,3.949e-09,0.0273,0.2,0.027,3,4,4,4,4,797,449,448,448,448
22,4751.622573,1.383e-30,1.07e-09,0.0375,0.47,0.037,3,4,4,4,4,797,449,448,448,448
22,4755.610741,2.007e-36,4.051e-09,0.0273,0.2,0.027,3,4,4,4,4,797,449,448,448,448
22,4758.287943,2.203e-30,1.101e-09,0.0354,0.41,0.035,3,4,4,4,4,797,449,448,448,448
22,4761.442618,2.589e-36,4.152e-09,0.0273,0.2,0.027,3,4,4,4,4,797,449,448,448,448
22,4764.878821,8.581e-31,1.133e-09,0.0332,0.34,0.033,3,4,4,4,4,797,449,448,448,448
22,4767.196903,8.185e-37,4.257e-09,0.0273,0.2,0.027,3,4,4,4,4,797,449,448,448,448
22,4771.394922,1.307e-30,1.165e-09,0.0311,0.27,0.031,3,4,4,4,4,797,449,448,448,448
22,4772.873306,1.014e-36,4.363e-09,0.0273,0.2,0.027,3,4,4,4,4,797,449,448,448,448
22,4777.835962,4.87e-31,1.197e-09,0.0291,0.2,0.029,3,4,4,4,4,797,449,448,448,448
22,4778.471538,3.078e-37,4.47e-09,0.0273,0.2,0.027,3,4,4,4,4,797,449,448,448,448
22,4783.991308,3.663e-37,4.579e-09,0.0273,0.2,0.027,3,4,4,4,4,797,449,448,448,448
22,4784.201658,7.101e-31,1.23e-09,0.0274,0.2,0.027,3,4,4,4,4,797,449,448,448,448
22,4789.432325,1.068e-37,4.689e-09,0.0273,0.2,0.027,3,4,4,4,4,797,449,448,448,448
22,4790.491723,2.533e-31,1.264e-09,0.0273,0.2,0.027,3,4,4,4,4,797,449,448,448,448
22,4794.794297,1.221e-37,4.8e-09,0.0273,0.2,0.027,3,4,4,4,4,797,449,448,448,448
22,4796.705872,3.539e-31,1.298e-09,0.0273,0.2,0.027,3,4,4,4,4,797,449,448,448,448
22,4800.076932,3.423e-38,4.915e-09,0.0273,0.2,0.027,3,4,4,4,4,797,449,448,448,448
22,4802.843821,1.21e-31,1.332e-09,0.0273,0.2,0.027,3,4,4,4,4,797,449,448,448,448
22,4805.279937,3.762e-38,5.03e-09,0.0273,0.2,0.027,3,4,4,4,4,797,449,448,448,448
22,4808.905282,1.621e-31,1.367e-09,0.0273,0.2,0.027,3,4,4,4,4,797,449,448,448,448
22,4810.403019,1.014e-38,5.15e-09,0.0273,0.2,0.027,3,4,4,4,4,797,449,448,448,448
22,4814.889969,5.316e-32,1.402e-09,0.0273,0.2,0.027,3,4,4,4,4,797,449,448,448,448
22,4815.445886,1.071e-38,5.266e-09,0.0273,0.2,0.027,3,4,4,4,4,797,449,448,448,448
22,4820.408242,2.775e-39,5.387e-09,0.0273,0.2,0.027,3,4,4,4,4,797,449,448,448,448
22,4820.797595,6.83e-32,1.438e-09,0.0273,0.2,0.027,3,4,4,4,4,797,449,448,448,448
22,4825.289793,2.82e-39,5.51e-09,0.0273,0.2,0.027,3,4,4,4,4,797,449,448,448,448
22,4826.627873,2.149e-32,1.474e-09,0.0273,0.2,0.027,3,4,4,4,4,797,449,448,448,448
22,4832.380515,2.651e-32,1.511e-09,0.0273,0.2,0.027,3,4,4,4,4,797,449,448,448,448
22,4838.055232,8.008e-33,1.548e-09,0.0273,0.2,0.027,3,4,4,4,4,797,449,448,448,448
22,4843.651736,9.483e-33,1.586e-09,0.0273,0.2,0.027,3,4,4,4,4,797,449,448,448,448
22,4849.169739,2.752e-33,1.625e-09,0.0273,0.2,0.027,3,4,4,4,4,797,449,448,448,448
22,4854.608949,3.13e-33,1.664e-09,0.0273,0.2,0.027,3,4,4,4,4,797,449,448,448,448
22,4859.969078,8.724e-34,1.704e-09,0.0273,0.2,0.027,3,4,4,4,4,797,449,448,448,448
22,4865.249835,9.534e-34,1.744e-09,0.0273,0.2,0.027,3,4,4,4,4,797,449,448,448,448
22,4870.45093,2.554e-34,1.785e-09,0.0273,0.2,0.027,3,4,4,4,4,797,449,448,448,448
22,4875.572071,2.683e-34,1.826e-09,0.0273,0.2,0.027,3,4,4,4,4,797,449,448,448,448
22,4880.612966,6.907e-35,1.868e-09,0.0273,0.2,0.027,3,4,4,4,4,797,449,448,448,448
22,4885.573323,6.975e-35,1.911e-09,0.0273,0.2,0.027,3,4,4,4,4,797,449,448,448,448
22,4890.45285,1.727e-35,1.954e-09,0.0273,0.2,0.027,3,4,4,4,4,797,449,448,448,448
22,4895.251253,1.677e-35,1.998e-09,0.0273,0.2,0.027,3,4,4,4,4,797,449,448,448,448
22,4899.968239,3.992e-36,2.042e-09,0.0273,0.2,0.027,3,4,4,4,4,797,449,448,448,448
22,4904.603513,3.729e-36,2.087e-09,0.0273,0.2,0.027,3,4,4,4,4,797,449,448,448,448
22,4909.156782,8.539e-37,2.133e-09,0.0273,0.2,0.027,3,4,4,4,4,797,449,448,448,448
22,4913.627749,7.673e-37,2.179e-09,0.0273,0.2,0.027,3,4,4,4,4,797,449,448,448,448
22,4918.01612,1.691e-37,2.227e-09,0.0273,0.2,0.027,3,4,4,4,4,797,449,448,448,448
22,4922.321597,1.462e-37,2.274e-09,0.0273,0.2,0.027,3,4,4,4,4,797,449,448,448,448
22,4926.543885,3.099e-38,2.322e-09,0.0273,0.2,0.027,3,4,4,4,4,797,449,448,448,448
22,4930.682685,2.579e-38,2.371e-09,0.0273,0.2,0.027,3,4,4,4,4,797,449,448,448,448
22,4934.7377,5.263e-39,2.42e-09,0.0273,0.2,0.027,3,4,4,4,4,797,449,448,448,448
22,4938.708632,4.216e-39,2.47e-09,0.0273,0.2,0.027,3,4,4,4,4,797,449,448,448,448
